<application>
  <component name="EclipseCodeFormatterSettings">
    <option name="pathToEclipse" value="C:/eclipse" />
    <option name="settingsList">
      <list>
        <Settings>
          <option name="eclipseVersion" value="CUSTOM" />
          <option name="formatter" value="ECLIPSE" />
          <option name="id" value="1647797251519" />
          <option name="name" value="new" />
          <option name="pathToConfigFileJava" value="D:/gDrivePer/workspaces/java/IntelliJWS/formatter.xml" />
          <option name="selectedJavaProfile" value="yes" />
        </Settings>
      </list>
    </option>
  </component>
</application>