<application>
  <component name="CodeInsightSettings">
    <option name="SHOW_PARAMETER_NAME_HINTS_ON_COMPLETION" value="true" />
    <option name="USE_INSTANCEOF_ON_EQUALS_PARAMETER" value="true" />
    <option name="USE_ACCESSORS_IN_EQUALS_HASHCODE" value="true" />
  </component>
  <component name="EditorSettings">
    <option name="USE_SOFT_WRAPS" value="" />
    <option name="IS_ANIMATED_SCROLLING" value="false" />
    <option name="IS_WHEEL_FONTCHANGE_ENABLED" value="true" />
    <option name="REFRAIN_FROM_SCROLLING" value="true" />
  </component>
  <component name="InlayHintsSettings">
    <option name="lastViewedProviderKeyId" value="parameter.hints.old" />
  </component>
  <component name="JavaCodeFoldingSettings">
    <option name="collapseMultilineComments" value="true" />
  </component>
</application>